delta_teacher,reward_misspec,t,k,error,optimal_k,post_optimum_degradation_pct,finite_optimum
0.0,0.5,1.0,1,0.9999967873203848,256,0.0,False
0.0,0.5,1.0,2,0.6849941670702989,256,0.0,False
0.0,0.5,1.0,4,0.6068861447218628,256,0.0,False
0.0,0.5,1.0,8,0.5821300023871722,256,0.0,False
0.0,0.5,1.0,16,0.5718164667145068,256,0.0,False
0.0,0.5,1.0,32,0.5670461995403986,256,0.0,False
0.0,0.5,1.0,64,0.5647464388274349,256,0.0,False
0.0,0.5,1.0,128,0.5636167108921347,256,0.0,False
0.0,0.5,1.0,256,0.5630567472352189,256,0.0,False
0.0,0.5,2.0,1,0.999999999610313,256,0.0,False
0.0,0.5,2.0,2,0.7928329751827038,256,0.0,False
0.0,0.5,2.0,4,0.7355240924091213,256,0.0,False
0.0,0.5,2.0,8,0.7135235770433723,256,0.0,False
0.0,0.5,2.0,16,0.7036668218950555,256,0.0,False
0.0,0.5,2.0,32,0.69898127537241,256,0.0,False
0.0,0.5,2.0,64,0.6966948352511736,256,0.0,False
0.0,0.5,2.0,128,0.6955652013304269,256,0.0,False
0.0,0.5,2.0,256,0.6950037215383473,256,0.0,False
0.0,0.5,3.0,1,0.9999999999998322,256,0.0,False
0.0,0.5,3.0,2,0.8491315800012971,256,0.0,False
0.0,0.5,3.0,4,0.8022414260143682,256,0.0,False
0.0,0.5,3.0,8,0.7829251313449622,256,0.0,False
0.0,0.5,3.0,16,0.7740483713849606,256,0.0,False
0.0,0.5,3.0,32,0.769782758798354,256,0.0,False
0.0,0.5,3.0,64,0.7676907188218475,256,0.0,False
0.0,0.5,3.0,128,0.766654608128147,256,0.0,False
0.0,0.5,3.0,256,0.766138996023427,256,0.0,False
0.0,0.5,5.0,1,1.0000000000000027,256,0.0,False
0.0,0.5,5.0,2,0.9039943951922582,256,0.0,False
0.0,0.5,5.0,4,0.8694062250883576,256,0.0,False
0.0,0.5,5.0,8,0.8542649893845108,256,0.0,False
0.0,0.5,5.0,16,0.8471377137024951,256,0.0,False
0.0,0.5,5.0,32,0.8436755238756596,256,0.0,False
0.0,0.5,5.0,64,0.8419687377287814,256,0.0,False
0.0,0.5,5.0,128,0.8411212968559774,256,0.0,False
0.0,0.5,5.0,256,0.8406990492385849,256,0.0,False
0.0,0.5,8.0,1,1.0000000000000024,256,0.0,False
0.0,0.5,8.0,2,0.9385443219843288,256,0.0,False
0.0,0.5,8.0,4,0.9138553321848387,256,0.0,False
0.0,0.5,8.0,8,0.9026039828364228,256,0.0,False
0.0,0.5,8.0,16,0.8972160425181501,256,0.0,False
0.0,0.5,8.0,32,0.8945777651649434,256,0.0,False
0.0,0.5,8.0,64,0.8932721183943598,256,0.0,False
0.0,0.5,8.0,128,0.8926226161453463,256,0.0,False
0.0,0.5,8.0,256,0.8922986889484528,256,0.0,False
0.0,0.5,12.0,1,1.0000000000000024,256,0.0,False
0.0,0.5,12.0,2,0.9586513391456968,256,0.0,False
0.0,0.5,12.0,4,0.9408622949625387,256,0.0,False
0.0,0.5,12.0,8,0.9325395777224421,256,0.0,False
0.0,0.5,12.0,16,0.9285072122783983,256,0.0,False
0.0,0.5,12.0,32,0.9265217466672219,256,0.0,False
0.0,0.5,12.0,64,0.9255365132341824,256,0.0,False
0.0,0.5,12.0,128,0.9250457495413006,256,0.0,False
0.0,0.5,12.0,256,0.9248008282633621,256,0.0,False
0.0,1.0,1.0,1,0.9999491236121837,4,0.8534449604566285,True
0.0,1.0,1.0,2,0.767275264203171,4,0.8534449604566285,True
0.0,1.0,1.0,4,0.7435067406620074,4,0.8534449604566285,True
0.0,1.0,1.0,8,0.7456046353713748,4,0.8534449604566285,True
0.0,1.0,1.0,16,0.7476925277459522,4,0.8534449604566285,True
0.0,1.0,1.0,32,0.7488288621844932,4,0.8534449604566285,True
0.0,1.0,1.0,64,0.7494109440934542,4,0.8534449604566285,True
0.0,1.0,1.0,128,0.7497046918563821,4,0.8534449604566285,True
0.0,1.0,1.0,256,0.7498521614708425,4,0.8534449604566285,True
0.0,1.0,2.0,1,1.000000005004237,256,0.0,False
0.0,1.0,2.0,2,0.8213977472564119,256,0.0,False
0.0,1.0,2.0,4,0.7903867706742282,256,0.0,False
0.0,1.0,2.0,8,0.7827477285136392,256,0.0,False
0.0,1.0,2.0,16,0.7800033368774275,256,0.0,False
0.0,1.0,2.0,32,0.7788325703357871,256,0.0,False
0.0,1.0,2.0,64,0.7782914256132203,256,0.0,False
0.0,1.0,2.0,128,0.7780312522438794,256,0.0,False
0.0,1.0,2.0,256,0.7779036882640809,256,0.0,False
0.0,1.0,3.0,1,1.0000000000032454,256,0.0,False
0.0,1.0,3.0,2,0.8615236659894028,256,0.0,False
0.0,1.0,3.0,4,0.8307203906050864,256,0.0,False
0.0,1.0,3.0,8,0.8205141861069067,256,0.0,False
0.0,1.0,3.0,16,0.8162739114102003,256,0.0,False
0.0,1.0,3.0,32,0.8143328659466048,256,0.0,False
0.0,1.0,3.0,64,0.8134033906308578,256,0.0,False
0.0,1.0,3.0,128,0.8129484921658615,256,0.0,False
0.0,1.0,3.0,256,0.8127234523212538,256,0.0,False
0.0,1.0,5.0,1,1.000000000000003,256,0.0,False
0.0,1.0,5.0,2,0.9075622001293622,256,0.0,False
0.0,1.0,5.0,4,0.8807316848525172,256,0.0,False
0.0,1.0,5.0,8,0.8702026245243257,256,0.0,False
0.0,1.0,5.0,16,0.8654948250114789,256,0.0,False
0.0,1.0,5.0,32,0.8632644095872414,256,0.0,False
0.0,1.0,5.0,64,0.8621783507969479,256,0.0,False
0.0,1.0,5.0,128,0.8616424065048631,256,0.0,False
0.0,1.0,5.0,256,0.8613761811377894,256,0.0,False
0.0,1.0,8.0,1,1.0000000000000024,256,0.0,False
0.0,1.0,8.0,2,0.9395373558657232,256,0.0,False
0.0,1.0,8.0,4,0.918419934152449,256,0.0,False
0.0,1.0,8.0,8,0.9094058910129945,256,0.0,False
0.0,1.0,8.0,16,0.9052222047084828,256,0.0,False
0.0,1.0,8.0,32,0.9032047189377409,256,0.0,False
0.0,1.0,8.0,64,0.9022138271185884,256,0.0,False
0.0,1.0,8.0,128,0.9017227557443015,256,0.0,False
0.0,1.0,8.0,256,0.9014783029036029,256,0.0,False
0.0,1.0,12.0,1,1.0000000000000027,256,0.0,False
0.0,1.0,12.0,2,0.9589618835044625,256,0.0,False
0.0,1.0,12.0,4,0.9428979741885772,256,0.0,False
0.0,1.0,12.0,8,0.9357044447779016,256,0.0,False
0.0,1.0,12.0,16,0.9322919696403086,256,0.0,False
0.0,1.0,12.0,32,0.9306290660646318,256,0.0,False
0.0,1.0,12.0,64,0.9298081284110512,256,0.0,False
0.0,1.0,12.0,128,0.9294002495295925,256,0.0,False
0.0,1.0,12.0,256,0.9291969528316684,256,0.0,False
0.0,1.5,1.0,1,0.9995946994108692,2,24.574621715220736,True
0.0,1.5,1.0,2,0.851471369834888,2,24.574621715220736,True
0.0,1.5,1.0,4,0.9320339155181926,2,24.574621715220736,True
0.0,1.5,1.0,8,0.9999078253049426,2,24.574621715220736,True
0.0,1.5,1.0,16,1.0326372029911814,2,24.574621715220736,True
0.0,1.5,1.0,32,1.0479317305667109,2,24.574621715220736,True
0.0,1.5,1.0,64,1.0553041225485118,2,24.574621715220736,True
0.0,1.5,1.0,128,1.0589237386394388,2,24.574621715220736,True
0.0,1.5,1.0,256,1.0607172379852199,2,24.574621715220736,True
0.0,1.5,2.0,1,0.9999999977550329,2,6.8554013432690075,True
0.0,1.5,2.0,2,0.8571751278135238,2,6.8554013432690075,True
0.0,1.5,2.0,4,0.8730700205837786,2,6.8554013432690075,True
0.0,1.5,2.0,8,0.8936691528520923,2,6.8554013432690075,True
0.0,1.5,2.0,16,0.9050513624709622,2,6.8554013432690075,True
0.0,1.5,2.0,32,0.9108440000910767,2,6.8554013432690075,True
0.0,1.5,2.0,64,0.9137529513761898,2,6.8554013432690075,True
0.0,1.5,2.0,128,0.9152093654198612,2,6.8554013432690075,True
0.0,1.5,2.0,256,0.9159379230398199,2,6.8554013432690075,True
0.0,1.5,3.0,1,0.9999999999517086,4,1.7254340239358346,True
0.0,1.5,3.0,2,0.8786791194062058,4,1.7254340239358346,True
0.0,1.5,3.0,4,0.8752113634165175,4,1.7254340239358346,True
0.0,1.5,3.0,8,0.8815450409507819,4,1.7254340239358346,True
0.0,1.5,3.0,16,0.8858278111049659,4,1.7254340239358346,True
0.0,1.5,3.0,32,0.888170449946392,4,1.7254340239358346,True
0.0,1.5,3.0,64,0.8893846564420647,4,1.7254340239358346,True
0.0,1.5,3.0,128,0.8900016693198933,4,1.7254340239358346,True
0.0,1.5,3.0,256,0.8903125580622587,4,1.7254340239358346,True
0.0,1.5,5.0,1,1.0000000000000038,64,0.0016967664591804876,False
0.0,1.5,5.0,2,0.9129764941984941,64,0.0016967664591804876,False
0.0,1.5,5.0,4,0.8989861002904527,64,0.0016967664591804876,False
0.0,1.5,5.0,8,0.8963946365487634,64,0.0016967664591804876,False
0.0,1.5,5.0,16,0.8958931731389189,64,0.0016967664591804876,False
0.0,1.5,5.0,32,0.8958116429036772,64,0.0016967664591804876,False
0.0,1.5,5.0,64,0.8958100052849526,64,0.0016967664591804876,False
0.0,1.5,5.0,128,0.8958185993476758,64,0.0016967664591804876,False
0.0,1.5,5.0,256,0.8958252050886601,64,0.0016967664591804876,False
0.0,1.5,8.0,1,1.0000000000000027,256,0.0,False
0.0,1.5,8.0,2,0.941121129495079,256,0.0,False
0.0,1.5,8.0,4,0.925903641527421,256,0.0,False
0.0,1.5,8.0,8,0.9206616575261998,256,0.0,False
0.0,1.5,8.0,16,0.9185212612607292,256,0.0,False
0.0,1.5,8.0,32,0.9175597217039783,256,0.0,False
0.0,1.5,8.0,64,0.9171048109815606,256,0.0,False
0.0,1.5,8.0,128,0.9168836647125883,256,0.0,False
0.0,1.5,8.0,256,0.9167746498428225,256,0.0,False
0.0,1.5,12.0,1,1.0000000000000024,256,0.0,False
0.0,1.5,12.0,2,0.9594685402323648,256,0.0,False
0.0,1.5,12.0,4,0.946262714018419,256,0.0,False
0.0,1.5,12.0,8,0.9409596117299678,256,0.0,False
0.0,1.5,12.0,16,0.9385887525240058,256,0.0,False
0.0,1.5,12.0,32,0.9374686986032522,256,0.0,False
0.0,1.5,12.0,64,0.9369244565516139,256,0.0,False
0.0,1.5,12.0,128,0.936656214258522,256,0.0,False
0.0,1.5,12.0,256,0.9365230545021535,256,0.0,False
0.0,2.0,1.0,1,0.9968413208297896,2,63.88196880217589,True
0.0,2.0,1.0,2,0.9120022727926291,2,63.88196880217589,True
0.0,2.0,1.0,4,1.1182774666904045,2,63.88196880217589,True
0.0,2.0,1.0,8,1.3065944020326354,2,63.88196880217589,True
0.0,2.0,1.0,16,1.4079046732429383,2,63.88196880217589,True
0.0,2.0,1.0,32,1.455494624803993,2,63.88196880217589,True
0.0,2.0,1.0,64,1.4781390845614717,2,63.88196880217589,True
0.0,2.0,1.0,128,1.489166477417618,2,63.88196880217589,True
0.0,2.0,1.0,256,1.4946072801731516,2,63.88196880217589,True
0.0,2.0,2.0,1,1.0000004856738591,2,24.435827557223845,True
0.0,2.0,2.0,2,0.8911107124106497,2,24.435827557223845,True
0.0,2.0,2.0,4,0.9708929189780913,2,24.435827557223845,True
0.0,2.0,2.0,8,1.0385180407616992,2,24.435827557223845,True
0.0,2.0,2.0,16,1.0748439372978116,2,24.435827557223845,True
0.0,2.0,2.0,32,1.0930376820284962,2,24.435827557223845,True
0.0,2.0,2.0,64,1.102094132003735,2,24.435827557223845,True
0.0,2.0,2.0,128,1.1066080446519762,2,24.435827557223845,True
0.0,2.0,2.0,256,1.108860989439265,2,24.435827557223845,True
0.0,2.0,3.0,1,1.0000000004695828,2,11.317490501150317,True
0.0,2.0,3.0,2,0.8972697988968911,2,11.317490501150317,True
0.0,2.0,3.0,4,0.9314243303577453,2,11.317490501150317,True
0.0,2.0,3.0,8,0.9633986230377133,2,11.317490501150317,True
0.0,2.0,3.0,16,0.9813355184717364,2,11.317490501150317,True
0.0,2.0,3.0,32,0.9905975849450902,2,11.317490501150317,True
0.0,2.0,3.0,64,0.995283479269124,2,11.317490501150317,True
0.0,2.0,3.0,128,0.9976381693771182,2,11.317490501150317,True
0.0,2.0,3.0,256,0.9988182231567373,2,11.317490501150317,True
0.0,2.0,5.0,1,1.000000000000007,2,2.6545310217910734,True
0.0,2.0,5.0,2,0.9196141630360093,2,2.6545310217910734,True
0.0,2.0,5.0,4,0.9232708824747233,2,2.6545310217910734,True
0.0,2.0,5.0,8,0.9322704435217491,2,2.6545310217910734,True
0.0,2.0,5.0,16,0.9380234442671754,2,2.6545310217910734,True
0.0,2.0,5.0,32,0.9411573149424175,2,2.6545310217910734,True
0.0,2.0,5.0,64,0.9427825225958991,2,2.6545310217910734,True
0.0,2.0,5.0,128,0.9436089907740132,2,2.6545310217910734,True
0.0,2.0,5.0,256,0.9440256062745845,2,2.6545310217910734,True
0.0,2.0,8.0,1,1.0000000000000029,4,0.21983393542890362,False
0.0,2.0,8.0,2,0.9432012283207014,4,0.21983393542890362,False
0.0,2.0,8.0,4,0.9361251635314425,4,0.21983393542890362,False
0.0,2.0,8.0,8,0.9362492816942193,4,0.21983393542890362,False
0.0,2.0,8.0,16,0.9370450902184403,4,0.21983393542890362,False
0.0,2.0,8.0,32,0.9376070292057935,4,0.21983393542890362,False
0.0,2.0,8.0,64,0.9379267892775448,4,0.21983393542890362,False
0.0,2.0,8.0,128,0.9380961020819983,4,0.21983393542890362,False
0.0,2.0,8.0,256,0.938183084318974,4,0.21983393542890362,False
0.0,2.0,12.0,1,1.0000000000000024,256,0.0,False
0.0,2.0,12.0,2,0.9601559331206093,256,0.0,False
0.0,2.0,12.0,4,0.9509150729702887,256,0.0,False
0.0,2.0,12.0,8,0.9482756103067699,256,0.0,False
0.0,2.0,12.0,16,0.9473806980341597,256,0.0,False
0.0,2.0,12.0,32,0.9470316912362619,256,0.0,False
0.0,2.0,12.0,64,0.9468808922057438,256,0.0,False
0.0,2.0,12.0,128,0.9468113089633099,256,0.0,False
0.0,2.0,12.0,256,0.9467779579069427,256,0.0,False
0.0,2.5,1.0,1,0.9866440243763379,2,116.1208536246229,True
0.0,2.5,1.0,2,0.948088787300932,2,116.1208536246229,True
0.0,2.5,1.0,4,1.261912341359337,2,116.1208536246229,True
0.0,2.5,1.0,8,1.6045055678012705,2,116.1208536246229,True
0.0,2.5,1.0,16,1.8323194512052805,2,116.1208536246229,True
0.0,2.5,1.0,32,1.9505437039905031,2,116.1208536246229,True
0.0,2.5,1.0,64,2.007649942773191,2,116.1208536246229,True
0.0,2.5,1.0,128,2.03537964464943,2,116.1208536246229,True
0.0,2.5,1.0,256,2.0490175802341097,2,116.1208536246229,True
0.0,2.5,2.0,1,1.0000023115576677,2,47.60879821238948,True
0.0,2.5,2.0,2,0.9187905267258638,2,47.60879821238948,True
0.0,2.5,2.0,4,1.0696755931578485,2,47.60879821238948,True
0.0,2.5,2.0,8,1.2049687109141587,2,47.60879821238948,True
0.0,2.5,2.0,16,1.2823599728156205,2,47.60879821238948,True
0.0,2.5,2.0,32,1.321797565034045,2,47.60879821238948,True
0.0,2.5,2.0,64,1.34149249197851,2,47.60879821238948,True
0.0,2.5,2.0,128,1.3513137079604107,2,47.60879821238948,True
0.0,2.5,2.0,256,1.3562156545893307,2,47.60879821238948,True
0.0,2.5,3.0,1,0.9999999955883104,2,24.398974159783936,True
0.0,2.5,3.0,2,0.9148735638558281,2,24.398974159783936,True
0.0,2.5,3.0,4,0.9940604382619348,2,24.398974159783936,True
0.0,2.5,3.0,8,1.0621227939433584,2,24.398974159783936,True
0.0,2.5,3.0,16,1.1005874070455115,2,24.398974159783936,True
0.0,2.5,3.0,32,1.12046677274528,2,24.398974159783936,True
0.0,2.5,3.0,64,1.130517269317021,2,24.398974159783936,True
0.0,2.5,3.0,128,1.135564700776053,2,24.398974159783936,True
0.0,2.5,3.0,256,1.138093328295706,2,24.398974159783936,True
0.0,2.5,5.0,1,0.9999999999999742,2,8.533110382541476,True
0.0,2.5,5.0,2,0.9268564065652369,2,8.533110382541476,True
0.0,2.5,5.0,4,0.9524107808727464,2,8.533110382541476,True
0.0,2.5,5.0,8,0.9770082299253697,2,8.533110382541476,True
0.0,2.5,5.0,16,0.9914249333587603,2,8.533110382541476,True
0.0,2.5,5.0,32,0.9990599895214445,2,8.533110382541476,True
0.0,2.5,5.0,64,1.0029725858859473,2,8.533110382541476,True
0.0,2.5,5.0,128,1.0049512939634455,2,8.533110382541476,True
0.0,2.5,5.0,256,1.005946086825106,2,8.533110382541476,True
0.0,2.5,8.0,1,1.0000000000000036,2,2.118122729632299,True
0.0,2.5,8.0,2,0.9456664580201264,2,2.118122729632299,True
0.0,2.5,8.0,4,0.9488404746392084,2,2.118122729632299,True
0.0,2.5,8.0,8,0.9559965222360036,2,2.118122729632299,True
0.0,2.5,8.0,16,0.9606957653022502,2,2.118122729632299,True
0.0,2.5,8.0,32,0.9632948566005857,2,2.118122729632299,True
0.0,2.5,8.0,64,0.9646531816401681,2,2.118122729632299,True
0.0,2.5,8.0,128,0.9653466079235191,2,2.118122729632299,True
0.0,2.5,8.0,256,0.9656968342139594,2,2.118122729632299,True
0.0,2.5,12.0,1,1.0000000000000027,4,0.33044013647045567,False
0.0,2.5,12.0,2,0.9610043549830849,4,0.33044013647045567,False
0.0,2.5,12.0,4,0.9567983384913886,4,0.33044013647045567,False
0.0,2.5,12.0,8,0.9576111026695032,4,0.33044013647045567,False
0.0,2.5,12.0,16,0.9586439144878445,4,0.33044013647045567,False
0.0,2.5,12.0,32,0.9593053024700647,4,0.33044013647045567,False
0.0,2.5,12.0,64,0.9596708673127977,4,0.33044013647045567,False
0.0,2.5,12.0,128,0.9598622005037252,4,0.33044013647045567,False
0.0,2.5,12.0,256,0.9599599842268467,4,0.33044013647045567,False
0.2,0.5,1.0,1,1.0400022774315991,256,0.0,False
0.2,0.5,1.0,2,0.7443718813108648,256,0.0,False
0.2,0.5,1.0,4,0.6685735091064037,256,0.0,False
0.2,0.5,1.0,8,0.6431954509588059,256,0.0,False
0.2,0.5,1.0,16,0.632377942190242,256,0.0,False
0.2,0.5,1.0,32,0.62733213220392,256,0.0,False
0.2,0.5,1.0,64,0.624890510748702,256,0.0,False
0.2,0.5,1.0,128,0.6236890018097108,256,0.0,False
0.2,0.5,1.0,256,0.6230929539026073,256,0.0,False
0.2,0.5,2.0,1,1.0400000000357905,256,0.0,False
0.2,0.5,2.0,2,0.8518689881280603,256,0.0,False
0.2,0.5,2.0,4,0.797299650069914,256,0.0,False
0.2,0.5,2.0,8,0.7756877079501757,256,0.0,False
0.2,0.5,2.0,16,0.7658918923775366,256,0.0,False
0.2,0.5,2.0,32,0.7612120013430385,256,0.0,False
0.2,0.5,2.0,64,0.758922980845422,256,0.0,False
0.2,0.5,2.0,128,0.757790791538002,256,0.0,False
0.2,0.5,2.0,256,0.757227727923582,256,0.0,False
0.2,0.5,3.0,1,1.0400000000000431,256,0.0,False
0.2,0.5,3.0,2,0.9048269691635099,256,0.0,False
0.2,0.5,3.0,4,0.8608720379009062,256,0.0,False
0.2,0.5,3.0,8,0.8423749167303064,256,0.0,False
0.2,0.5,3.0,16,0.8338016955311993,256,0.0,False
0.2,0.5,3.0,32,0.8296659909320367,256,0.0,False
0.2,0.5,3.0,64,0.8276339158441096,256,0.0,False
0.2,0.5,3.0,128,0.8266265945048012,256,0.0,False
0.2,0.5,3.0,256,0.8261250852755971,256,0.0,False
0.2,0.5,5.0,1,1.0400000000000027,256,0.0,False
0.2,0.5,5.0,2,0.9548512734227601,256,0.0,False
0.2,0.5,5.0,4,0.9230768092953617,256,0.0,False
0.2,0.5,5.0,8,0.9089696567506641,256,0.0,False
0.2,0.5,5.0,16,0.9022883757899571,256,0.0,False
0.2,0.5,5.0,32,0.8990335108702853,256,0.0,False
0.2,0.5,5.0,64,0.8974266979800959,256,0.0,False
0.2,0.5,5.0,128,0.8966283482920946,256,0.0,False
0.2,0.5,5.0,256,0.8962304256602509,256,0.0,False
0.2,0.5,8.0,1,1.0400000000000025,256,0.0,False
0.2,0.5,8.0,2,0.9857385118478488,256,0.0,False
0.2,0.5,8.0,4,0.9633930552650858,256,0.0,False
0.2,0.5,8.0,8,0.9531074451634972,256,0.0,False
0.2,0.5,8.0,16,0.948159667807144,256,0.0,False
0.2,0.5,8.0,32,0.9457316945051903,256,0.0,False
0.2,0.5,8.0,64,0.9445288575999611,256,0.0,False
0.2,0.5,8.0,128,0.943930186940652,256,0.0,False
0.2,0.5,8.0,256,0.9436315336930988,256,0.0,False
0.2,0.5,12.0,1,1.0400000000000025,256,0.0,False
0.2,0.5,12.0,2,1.0035573227730998,256,0.0,False
0.2,0.5,12.0,4,0.9876037626035575,256,0.0,False
0.2,0.5,12.0,8,0.9800848718589144,256,0.0,False
0.2,0.5,12.0,16,0.9764295672617015,256,0.0,False
0.2,0.5,12.0,32,0.9746268084842384,256,0.0,False
0.2,0.5,12.0,64,0.9737315178673652,256,0.0,False
0.2,0.5,12.0,128,0.9732853783983008,256,0.0,False
0.2,0.5,12.0,256,0.9730626831076216,256,0.0,False
0.2,1.0,1.0,1,1.0399650466589954,4,0.17779456889146505,False
0.2,1.0,1.0,2,0.8745194636529219,4,0.17779456889146505,False
0.2,1.0,1.0,4,0.8584182238513667,4,0.17779456889146505,False
0.2,1.0,1.0,8,0.8585139575935422,4,0.17779456889146505,False
0.2,1.0,1.0,16,0.8591690624010597,4,0.17779456889146505,False
0.2,1.0,1.0,32,0.8595679367218109,4,0.17779456889146505,False
0.2,1.0,1.0,64,0.8597803222956024,4,0.17779456889146505,False
0.2,1.0,1.0,128,0.8598893048376663,4,0.17779456889146505,False
0.2,1.0,1.0,256,0.859944444831749,4,0.17779456889146505,False
0.2,1.0,2.0,1,1.040000000440273,256,0.0,False
0.2,1.0,2.0,2,0.91536313491923,256,0.0,False
0.2,1.0,2.0,4,0.8942188055352566,256,0.0,False
0.2,1.0,2.0,8,0.8884920090692862,256,0.0,False
0.2,1.0,2.0,16,0.8863006297721133,256,0.0,False
0.2,1.0,2.0,32,0.8853346387673976,256,0.0,False
0.2,1.0,2.0,64,0.8848805083940818,256,0.0,False
0.2,1.0,2.0,128,0.8846602701183419,256,0.0,False
0.2,1.0,2.0,256,0.8845518120210973,256,0.0,False
0.2,1.0,3.0,1,1.0399999999993046,256,0.0,False
0.2,1.0,3.0,2,0.9443078565909515,256,0.0,False
0.2,1.0,3.0,4,0.9231348228211724,256,0.0,False
0.2,1.0,3.0,8,0.9158596596841415,256,0.0,False
0.2,1.0,3.0,16,0.9127778205666296,256,0.0,False
0.2,1.0,3.0,32,0.91135349558163,256,0.0,False
0.2,1.0,3.0,64,0.9106681907637577,256,0.0,False
0.2,1.0,3.0,128,0.9103319916884591,256,0.0,False
0.2,1.0,3.0,256,0.9101654742752346,256,0.0,False
0.2,1.0,5.0,1,1.0400000000000027,256,0.0,False
0.2,1.0,5.0,2,0.9766644678304723,256,0.0,False
0.2,1.0,5.0,4,0.9581872917528508,256,0.0,False
0.2,1.0,5.0,8,0.9508425849019289,256,0.0,False
0.2,1.0,5.0,16,0.947536570089149,256,0.0,False
0.2,1.0,5.0,32,0.9459650295726704,256,0.0,False
0.2,1.0,5.0,64,0.945198515949403,256,0.0,False
0.2,1.0,5.0,128,0.9448199429534603,256,0.0,False
0.2,1.0,5.0,256,0.9446318116083012,256,0.0,False
0.2,1.0,8.0,1,1.0400000000000025,256,0.0,False
0.2,1.0,8.0,2,0.9987468424252637,256,0.0,False
0.2,1.0,8.0,4,0.9842428611162451,256,0.0,False
0.2,1.0,8.0,8,0.9780148665164974,256,0.0,False
0.2,1.0,8.0,16,0.9751152396865526,256,0.0,False
0.2,1.0,8.0,32,0.9737147527703193,256,0.0,False
0.2,1.0,8.0,64,0.9730263553392966,256,0.0,False
0.2,1.0,8.0,128,0.9726850601279275,256,0.0,False
0.2,1.0,8.0,256,0.9725151313081938,256,0.0,False
0.2,1.0,12.0,1,1.0400000000000025,256,0.0,False
0.2,1.0,12.0,2,1.012049970991745,256,0.0,False
0.2,1.0,12.0,4,1.0010474699341325,256,0.0,False
0.2,1.0,12.0,8,0.9961029724164917,256,0.0,False
0.2,1.0,12.0,16,0.9937530831007332,256,0.0,False
0.2,1.0,12.0,32,0.9926069148171017,256,0.0,False
0.2,1.0,12.0,64,0.9920408135401497,256,0.0,False
0.2,1.0,12.0,128,0.9917594831088279,256,0.0,False
0.2,1.0,12.0,256,0.9916192448098213,256,0.0,False
0.2,1.5,1.0,1,1.0399013778126802,2,21.199453943666335,True
0.2,1.5,1.0,2,1.0074381511421964,2,21.199453943666335,True
0.2,1.5,1.0,4,1.109141114855192,2,21.199453943666335,True
0.2,1.5,1.0,8,1.1701058465405654,2,21.199453943666335,True
0.2,1.5,1.0,16,1.1975670969983334,2,21.199453943666335,True
0.2,1.5,1.0,32,1.2103302405514134,2,21.199453943666335,True
0.2,1.5,1.0,64,1.2164861993534042,2,21.199453943666335,True
0.2,1.5,1.0,128,1.2195104813098379,2,21.199453943666335,True
0.2,1.5,1.0,256,1.2210095380045098,2,21.199453943666335,True
0.2,1.5,2.0,1,1.0400000037820276,2,8.380871431834924,True
0.2,1.5,2.0,2,0.9845274076251664,2,8.380871431834924,True
0.2,1.5,2.0,4,1.020084610680136,2,8.380871431834924,True
0.2,1.5,2.0,8,1.0438475005319023,2,8.380871431834924,True
0.2,1.5,2.0,16,1.0558768740447948,2,8.380871431834924,True
0.2,1.5,2.0,32,1.0618491987324286,2,8.380871431834924,True
0.2,1.5,2.0,64,1.064819495180408,2,8.380871431834924,True
0.2,1.5,2.0,128,1.0663001964361412,2,8.380871431834924,True
0.2,1.5,2.0,256,1.067039383869409,2,8.380871431834924,True
0.2,1.5,3.0,1,1.0400000000079899,2,3.8379929436184845,True
0.2,1.5,3.0,2,0.9873245334371561,2,3.8379929436184845,True
0.2,1.5,3.0,4,1.001489967167799,2,3.8379929436184845,True
0.2,1.5,3.0,8,1.012952926710925,2,3.8379929436184845,True
0.2,1.5,3.0,16,1.019186797406771,2,3.8379929436184845,True
0.2,1.5,3.0,32,1.0223849706382286,2,3.8379929436184845,True
0.2,1.5,3.0,64,1.0240002575117324,2,3.8379929436184845,True
0.2,1.5,3.0,128,1.0248115058666043,2,3.8379929436184845,True
0.2,1.5,3.0,256,1.0252179793610883,2,3.8379929436184845,True
0.2,1.5,5.0,1,1.0400000000000031,2,0.7017412399463074,True
0.2,1.5,5.0,2,0.9997892298175575,2,0.7017412399463074,True
0.2,1.5,5.0,4,1.0001125325410343,2,0.7017412399463074,True
0.2,1.5,5.0,8,1.00294634643591,2,0.7017412399463074,True
0.2,1.5,5.0,16,1.004821298611623,2,0.7017412399463074,True
0.2,1.5,5.0,32,1.00585415541225,2,0.7017412399463074,True
0.2,1.5,5.0,64,1.0063923892655056,2,0.7017412399463074,True
0.2,1.5,5.0,128,1.0066667215626584,2,0.7017412399463074,True
0.2,1.5,5.0,256,1.0068051631557289,2,0.7017412399463074,True
0.2,1.5,8.0,1,1.0400000000000027,8,0.016266284942179077,False
0.2,1.5,8.0,2,1.0121652523591012,8,0.016266284942179077,False
0.2,1.5,8.0,4,1.0079472166409096,8,0.016266284942179077,False
0.2,1.5,8.0,8,1.0073510223441335,8,0.016266284942179077,False
0.2,1.5,8.0,16,1.007352862082558,8,0.016266284942179077,False
0.2,1.5,8.0,32,1.0074208550015582,8,0.016266284942179077,False
0.2,1.5,8.0,64,1.0074707282103208,8,0.016266284942179077,False
0.2,1.5,8.0,128,1.007499528086578,8,0.016266284942179077,False
0.2,1.5,8.0,256,1.007514880931796,8,0.016266284942179077,False
0.2,1.5,12.0,1,1.0400000000000025,256,0.0,False
0.2,1.5,12.0,2,1.0206773257372965,256,0.0,False
0.2,1.5,12.0,4,1.0157923439178842,256,0.0,False
0.2,1.5,12.0,8,1.0141987352011053,256,0.0,False
0.2,1.5,12.0,16,1.0135826665179675,256,0.0,False
0.2,1.5,12.0,32,1.013316448098355,256,0.0,False
0.2,1.5,12.0,64,1.0131934025132145,256,0.0,False
0.2,1.5,12.0,128,1.0131343486117883,256,0.0,False
0.2,1.5,12.0,256,1.0131054331138698,256,0.0,False
0.2,2.0,1.0,1,1.0384831443450586,1,64.22665986566696,False
0.2,2.0,1.0,2,1.1070970850470199,1,64.22665986566696,False
0.2,2.0,1.0,4,1.3647717462981386,1,64.22665986566696,False
0.2,2.0,1.0,8,1.5455637052732176,1,64.22665986566696,False
0.2,2.0,1.0,16,1.632696853716404,1,64.22665986566696,False
0.2,2.0,1.0,32,1.6726446962372536,1,64.22665986566696,False
0.2,2.0,1.0,64,1.691635933762107,1,64.22665986566696,False
0.2,2.0,1.0,128,1.700894551980406,1,64.22665986566696,False
0.2,2.0,1.0,256,1.7054661812258427,1,64.22665986566696,False
0.2,2.0,2.0,1,1.0400001454141892,1,25.430300702946585,False
0.2,2.0,2.0,2,1.047876513414551,1,25.430300702946585,False
0.2,2.0,2.0,4,1.1619773854407864,1,25.430300702946585,False
0.2,2.0,2.0,8,1.2346247391788288,1,25.430300702946585,False
0.2,2.0,2.0,16,1.271087417241007,1,25.430300702946585,False
0.2,2.0,2.0,32,1.28901092041173,1,25.430300702946585,False
0.2,2.0,2.0,64,1.2978741198218149,1,25.430300702946585,False
0.2,2.0,2.0,128,1.3022794062847174,1,25.430300702946585,False
0.2,2.0,2.0,256,1.3044753097040993,1,25.430300702946585,False
0.2,2.0,3.0,1,1.0399999999187561,2,13.754674913793718,True
0.2,2.0,3.0,2,1.0295846209317372,2,13.754674913793718,True
0.2,2.0,3.0,4,1.0914450444250696,2,13.754674913793718,True
0.2,2.0,3.0,8,1.1311152931864519,2,13.754674913793718,True
0.2,2.0,3.0,16,1.1517282935611413,2,13.754674913793718,True
0.2,2.0,3.0,32,1.1621064198018727,2,13.754674913793718,True
0.2,2.0,3.0,64,1.1673025464844635,2,13.754674913793718,True
0.2,2.0,3.0,128,1.169901252586066,2,13.754674913793718,True
0.2,2.0,3.0,256,1.171200638503313,2,13.754674913793718,True
0.2,2.0,5.0,1,1.040000000000004,2,5.809084625014016,True
0.2,2.0,5.0,2,1.0232862802713958,2,5.809084625014016,True
0.2,2.0,5.0,4,1.0478431806368422,2,5.809084625014016,True
0.2,2.0,5.0,8,1.064682586859727,2,5.809084625014016,True
0.2,2.0,5.0,16,1.0738258340860756,2,5.809084625014016,True
0.2,2.0,5.0,32,1.0785387772235664,2,5.809084625014016,True
0.2,2.0,5.0,64,1.0809263988101097,2,5.809084625014016,True
0.2,2.0,5.0,128,1.0821275174351292,2,5.809084625014016,True
0.2,2.0,5.0,256,1.0827298462485193,2,5.809084625014016,True
0.2,2.0,8.0,1,1.0400000000000027,2,2.2257795585348017,True
0.2,2.0,8.0,2,1.025793779967457,2,2.2257795585348017,True
0.2,2.0,8.0,4,1.0342786602472878,2,2.2257795585348017,True
0.2,2.0,8.0,8,1.0409751044087556,2,2.2257795585348017,True
0.2,2.0,8.0,16,1.0447961557470773,2,2.2257795585348017,True
0.2,2.0,8.0,32,1.046810415727618,2,2.2257795585348017,True
0.2,2.0,8.0,64,1.0478418464836907,2,2.2257795585348017,True
0.2,2.0,8.0,128,1.0483634431787388,2,2.2257795585348017,True
0.2,2.0,8.0,256,1.048625688234694,2,2.2257795585348017,True
0.2,2.0,12.0,1,1.0400000000000027,2,0.7900459724723419,True
0.2,2.0,12.0,2,1.0293871957501866,2,0.7900459724723419,True
0.2,2.0,12.0,4,1.0317784674398853,2,0.7900459724723419,True
0.2,2.0,12.0,8,1.0343340670144887,2,0.7900459724723419,True
0.2,2.0,12.0,16,1.0358973374746685,2,0.7900459724723419,True
0.2,2.0,12.0,32,1.0367444491921967,2,0.7900459724723419,True
0.2,2.0,12.0,64,1.0371836897868318,2,0.7900459724723419,True
0.2,2.0,12.0,128,1.0374071487834453,2,0.7900459724723419,True
0.2,2.0,12.0,256,1.0375198278313569,2,0.7900459724723419,True
0.2,2.5,1.0,1,1.0334233400728188,1,123.66234382795622,False
0.2,2.5,1.0,2,1.1689981550951312,1,123.66234382795622,False
0.2,2.5,1.0,4,1.572086807167869,1,123.66234382795622,False
0.2,2.5,1.0,8,1.9252439711393041,1,123.66234382795622,False
0.2,2.5,1.0,16,2.1305910549607754,1,123.66234382795622,False
0.2,2.5,1.0,32,2.23006390966101,1,123.66234382795622,False
0.2,2.5,1.0,64,2.277267465171884,1,123.66234382795622,False
0.2,2.5,1.0,128,2.300133164813927,1,123.66234382795622,False
0.2,2.5,1.0,256,2.3113788640720174,1,123.66234382795622,False
0.2,2.5,2.0,1,1.0400010558325758,1,53.505712706862,False
0.2,2.5,2.0,2,1.0995131365048645,1,53.505712706862,False
0.2,2.5,2.0,4,1.3040145395345055,1,53.505712706862,False
0.2,2.5,2.0,8,1.449030784827079,1,53.505712706862,False
0.2,2.5,2.0,16,1.5256114281413051,1,53.505712706862,False
0.2,2.5,2.0,32,1.5636286311151681,1,53.505712706862,False
0.2,2.5,2.0,64,1.582448157299433,1,53.505712706862,False
0.2,2.5,2.0,128,1.591800346025769,1,53.505712706862,False
0.2,2.5,2.0,256,1.5964610329146853,1,53.505712706862,False
0.2,2.5,3.0,1,1.0400000002901493,1,29.613183218691375,False
0.2,2.5,3.0,2,1.067984609515868,1,29.613183218691375,False
0.2,2.5,3.0,4,1.187210006056386,1,29.613183218691375,False
0.2,2.5,3.0,8,1.2664514263922155,1,29.613183218691375,False
0.2,2.5,3.0,16,1.3083041394546242,1,29.613183218691375,False
0.2,2.5,3.0,32,1.329443485522652,1,29.613183218691375,False
0.2,2.5,3.0,64,1.3400328901849996,1,29.613183218691375,False
0.2,2.5,3.0,128,1.3453290521527375,1,29.613183218691375,False
0.2,2.5,3.0,256,1.347977105850462,1,29.613183218691375,False
0.2,2.5,5.0,1,1.0400000000000165,1,12.728339389638776,False
0.2,2.5,5.0,2,1.046286897165178,1,12.728339389638776,False
0.2,2.5,5.0,4,1.1000647416912863,1,12.728339389638776,False
0.2,2.5,5.0,8,1.135195931201306,1,12.728339389638776,False
0.2,2.5,5.0,16,1.15408296862814,1,12.728339389638776,False
0.2,2.5,5.0,32,1.1637766967083623,1,12.728339389638776,False
0.2,2.5,5.0,64,1.1686774506356583,1,12.728339389638776,False
0.2,2.5,5.0,128,1.1711403035444155,1,12.728339389638776,False
0.2,2.5,5.0,256,1.1723747296522617,1,12.728339389638776,False
0.2,2.5,8.0,1,1.0400000000000031,2,5.427125550543521,True
0.2,2.5,8.0,2,1.0394292046312903,2,5.427125550543521,True
0.2,2.5,8.0,4,1.0629444251978741,2,5.427125550543521,True
0.2,2.5,8.0,8,1.078694958505215,2,5.427125550543521,True
0.2,2.5,8.0,16,1.0873386365928794,2,5.427125550543521,True
0.2,2.5,8.0,32,1.0918277371542398,2,5.427125550543521,True
0.2,2.5,8.0,64,1.0941112659297265,2,5.427125550543521,True
0.2,2.5,8.0,128,1.0952624367890138,2,5.427125550543521,True
0.2,2.5,8.0,256,1.0958403325756463,2,5.427125550543521,True
0.2,2.5,12.0,1,1.0400000000000027,2,2.575296512556169,True
0.2,2.5,12.0,2,1.038125686152891,2,2.575296512556169,True
0.2,2.5,12.0,4,1.0489304255139837,2,2.575296512556169,True
0.2,2.5,12.0,8,1.0564588029295543,2,2.575296512556169,True
0.2,2.5,12.0,16,1.0606689934018028,2,2.575296512556169,True
0.2,2.5,12.0,32,1.0628761283825692,2,2.575296512556169,True
0.2,2.5,12.0,64,1.0640040981845416,2,2.575296512556169,True
0.2,2.5,12.0,128,1.0645740497533682,2,2.575296512556169,True
0.2,2.5,12.0,256,1.0648605007443361,2,2.575296512556169,True
0.5,0.5,1.0,1,1.2499999403932316,256,0.0,False
0.5,0.5,1.0,2,0.8995418382604554,256,0.0,False
0.5,0.5,1.0,4,0.8078085591199923,256,0.0,False
0.5,0.5,1.0,8,0.7761682768959393,256,0.0,False
0.5,0.5,1.0,16,0.7625257603788034,256,0.0,False
0.5,0.5,1.0,32,0.756135074480739,256,0.0,False
0.5,0.5,1.0,64,0.7530368815989421,256,0.0,False
0.5,0.5,1.0,128,0.7515109293921326,256,0.0,False
0.5,0.5,1.0,256,0.7507536053579138,256,0.0,False
0.5,0.5,2.0,1,1.250000000072752,256,0.0,False
0.5,0.5,2.0,2,1.0317559444062105,256,0.0,False
0.5,0.5,2.0,4,0.9663812934593542,256,0.0,False
0.5,0.5,2.0,8,0.9400377808566336,256,0.0,False
0.5,0.5,2.0,16,0.9280222023230247,256,0.0,False
0.5,0.5,2.0,32,0.9222663379934787,256,0.0,False
0.5,0.5,2.0,64,0.919447489084915,256,0.0,False
0.5,0.5,2.0,128,0.9180523861309822,256,0.0,False
0.5,0.5,2.0,256,0.9173583610206633,256,0.0,False
0.5,0.5,3.0,1,1.250000000000016,256,0.0,False
0.5,0.5,3.0,2,1.0945769724144268,256,0.0,False
0.5,0.5,3.0,4,1.042450160735412,256,0.0,False
0.5,0.5,3.0,8,1.0202397892926323,256,0.0,False
0.5,0.5,3.0,16,1.0098949689260914,256,0.0,False
0.5,0.5,3.0,32,1.0048936187420998,256,0.0,False
0.5,0.5,3.0,64,1.0024336219398988,256,0.0,False
0.5,0.5,3.0,128,1.001213548011483,256,0.0,False
0.5,0.5,3.0,256,1.00060596244383,256,0.0,False
0.5,0.5,5.0,1,1.2500000000000029,256,0.0,False
0.5,0.5,5.0,2,1.1527459214461808,256,0.0,False
0.5,0.5,5.0,4,1.1155681423445887,256,0.0,False
0.5,0.5,5.0,8,1.0989158319423642,256,0.0,False
0.5,0.5,5.0,16,1.09099939657616,256,0.0,False
0.5,0.5,5.0,32,1.0871360444415183,256,0.0,False
0.5,0.5,5.0,64,1.0852272256069262,256,0.0,False
0.5,0.5,5.0,128,1.0842784279493916,256,0.0,False
0.5,0.5,5.0,256,1.0838054195290574,256,0.0,False
0.5,0.5,8.0,1,1.2500000000000029,256,0.0,False
0.5,0.5,8.0,2,1.188205787507102,256,0.0,False
0.5,0.5,8.0,4,1.1623212736141302,256,0.0,False
0.5,0.5,8.0,8,1.1503286330476412,256,0.0,False
0.5,0.5,8.0,16,1.144542904595368,256,0.0,False
0.5,0.5,8.0,32,1.141699813112478,256,0.0,False
0.5,0.5,8.0,64,1.1402903761231278,256,0.0,False
0.5,0.5,8.0,128,1.1395886444479961,256,0.0,False
0.5,0.5,8.0,256,1.1392385203550288,256,0.0,False
0.5,0.5,12.0,1,1.2500000000000027,256,0.0,False
0.5,0.5,12.0,2,1.2085467025211356,256,0.0,False
0.5,0.5,12.0,4,1.1901809109687056,256,0.0,False
0.5,0.5,12.0,8,1.181482662506846,256,0.0,False
0.5,0.5,12.0,16,1.1772445160255134,256,0.0,False
0.5,0.5,12.0,32,1.1751520531711683,256,0.0,False
0.5,0.5,12.0,64,1.174112340158038,256,0.0,False
0.5,0.5,12.0,128,1.173594096925431,256,0.0,False
0.5,0.5,12.0,256,1.1733353766128405,256,0.0,False
0.5,1.0,1.0,1,1.2499970935190017,256,0.0,False
0.5,1.0,1.0,2,1.1041559437742303,256,0.0,False
0.5,1.0,1.0,4,1.076173590946815,256,0.0,False
0.5,1.0,1.0,8,1.0683861511522037,256,0.0,False
0.5,1.0,1.0,16,1.0652650163826918,256,0.0,False
0.5,1.0,1.0,32,1.0638429978933246,256,0.0,False
0.5,1.0,1.0,64,1.0631621484020943,256,0.0,False
0.5,1.0,1.0,128,1.0628287974722124,256,0.0,False
0.5,1.0,1.0,256,1.0626638368851484,256,0.0,False
0.5,1.0,2.0,1,1.2499999996837339,256,0.0,False
0.5,1.0,2.0,2,1.1500798198688726,256,0.0,False
0.5,1.0,2.0,4,1.126685427519349,256,0.0,False
0.5,1.0,2.0,8,1.1182331767167433,256,0.0,False
0.5,1.0,2.0,16,1.1145303802555995,256,0.0,False
0.5,1.0,2.0,32,1.1127877742560561,256,0.0,False
0.5,1.0,2.0,64,1.111941479804128,256,0.0,False
0.5,1.0,2.0,128,1.1115243381409246,256,0.0,False
0.5,1.0,2.0,256,1.1113172393773312,256,0.0,False
0.5,1.0,3.0,1,1.249999999999857,256,0.0,False
0.5,1.0,3.0,2,1.1760763473901932,256,0.0,False
0.5,1.0,3.0,4,1.1557134370859747,256,0.0,False
0.5,1.0,3.0,8,1.147670035835126,256,0.0,False
0.5,1.0,3.0,16,1.1440367955248976,256,0.0,False
0.5,1.0,3.0,32,1.1423047210791042,256,0.0,False
0.5,1.0,3.0,64,1.141458491081075,256,0.0,False
0.5,1.0,3.0,128,1.1410401742532923,256,0.0,False
0.5,1.0,3.0,256,1.1408321968930144,256,0.0,False
0.5,1.0,5.0,1,1.250000000000003,256,0.0,False
0.5,1.0,5.0,2,1.2024123248302439,256,0.0,False
0.5,1.0,5.0,4,1.1865236449695227,256,0.0,False
0.5,1.0,5.0,8,1.1797599041287692,256,0.0,False
0.5,1.0,5.0,16,1.1766149617573225,256,0.0,False
0.5,1.0,5.0,32,1.1750961072156263,256,0.0,False
0.5,1.0,5.0,64,1.1743494606917793,256,0.0,False
0.5,1.0,5.0,128,1.1739792589932974,256,0.0,False
0.5,1.0,5.0,256,1.1737949295841377,256,0.0,False
0.5,1.0,8.0,1,1.2500000000000027,256,0.0,False
0.5,1.0,8.0,2,1.219384877672525,256,0.0,False
0.5,1.0,8.0,4,1.2076640129904885,256,0.0,False
0.5,1.0,8.0,8,1.2024241409172833,256,0.0,False
0.5,1.0,8.0,16,1.19993681324671,256,0.0,False
0.5,1.0,8.0,32,1.1987239697090468,256,0.0,False
0.5,1.0,8.0,64,1.1981249861323715,256,0.0,False
0.5,1.0,8.0,128,1.1978273219247835,256,0.0,False
0.5,1.0,8.0,256,1.1976789428028602,256,0.0,False
0.5,1.0,12.0,1,1.2500000000000027,256,0.0,False
0.5,1.0,12.0,2,1.2293605295453536,256,0.0,False
0.5,1.0,12.0,4,1.2207614190324685,256,0.0,False
0.5,1.0,12.0,8,1.2167927654637751,256,0.0,False
0.5,1.0,12.0,16,1.2148821598280544,256,0.0,False
0.5,1.0,12.0,32,1.2139443108591113,256,0.0,False
0.5,1.0,12.0,64,1.213479635714757,256,0.0,False
0.5,1.0,12.0,128,1.213248346671396,256,0.0,False
0.5,1.0,12.0,256,1.2131329625833525,256,0.0,False
0.5,1.5,1.0,1,1.249959512274247,1,19.920778052901134,False
0.5,1.5,1.0,2,1.3243523293390214,1,19.920778052901134,False
0.5,1.5,1.0,4,1.4200084233424142,1,19.920778052901134,False
0.5,1.5,1.0,8,1.463710828691742,1,19.920778052901134,False
0.5,1.5,1.0,16,1.4826866077432646,1,19.920778052901134,False
0.5,1.5,1.0,32,1.4915327841588535,1,19.920778052901134,False
0.5,1.5,1.0,64,1.4958116357957871,1,19.920778052901134,False
0.5,1.5,1.0,128,1.497916876776282,1,19.920778052901134,False
0.5,1.5,1.0,256,1.4989611724655254,1,19.920778052901134,False
0.5,1.5,2.0,1,1.250000004039916,1,8.838802884134545,False
0.5,1.5,2.0,2,1.2756167066942299,1,8.838802884134545,False
0.5,1.5,2.0,4,1.3186758427549063,1,8.838802884134545,False
0.5,1.5,2.0,8,1.3404662733848012,1,8.838802884134545,False
0.5,1.5,2.0,16,1.350945591960263,1,8.838802884134545,False
0.5,1.5,2.0,32,1.3560679312947375,1,8.838802884134545,False
0.5,1.5,2.0,64,1.3585994156119496,1,8.838802884134545,False
0.5,1.5,2.0,128,1.359857734819788,1,8.838802884134545,False
0.5,1.5,2.0,256,1.360485040448678,1,8.838802884134545,False
0.5,1.5,3.0,1,1.250000000002733,1,4.966909327201829,False
0.5,1.5,3.0,2,1.261075232335657,1,4.966909327201829,False
0.5,1.5,3.0,4,1.285819828182756,1,4.966909327201829,False
0.5,1.5,3.0,8,1.2991744307095487,1,4.966909327201829,False
0.5,1.5,3.0,16,1.3058568463500515,1,4.966909327201829,False
0.5,1.5,3.0,32,1.309184749260005,1,4.966909327201829,False
0.5,1.5,3.0,64,1.310844106766202,1,4.966909327201829,False
0.5,1.5,3.0,128,1.311672503800948,1,4.966909327201829,False
0.5,1.5,3.0,256,1.3120863665928915,1,4.966909327201829,False
0.5,1.5,5.0,1,1.250000000000003,1,2.204750539395972,False
0.5,1.5,5.0,2,1.2531795487901707,1,2.204750539395972,False
0.5,1.5,5.0,4,1.2643736999121482,1,2.204750539395972,False
0.5,1.5,5.0,8,1.2709069662057448,1,2.204750539395972,False
0.5,1.5,5.0,16,1.2743095356294891,1,2.204750539395972,False
0.5,1.5,5.0,32,1.2760364349555349,1,2.204750539395972,False
0.5,1.5,5.0,64,1.2769054146997043,1,2.204750539395972,False
0.5,1.5,5.0,128,1.2773411869861893,1,2.204750539395972,False
0.5,1.5,5.0,256,1.2775593817424529,1,2.204750539395972,False
0.5,1.5,8.0,1,1.2500000000000027,1,0.9788702984765418,False
0.5,1.5,8.0,2,1.2508837172439877,1,0.9788702984765418,False
0.5,1.5,8.0,4,1.2558532040411403,1,0.9788702984765418,False
0.5,1.5,8.0,8,1.2589527456446064,1,0.9788702984765418,False
0.5,1.5,8.0,16,1.260616871947565,1,0.9788702984765418,False
0.5,1.5,8.0,32,1.2614736759565206,1,0.9788702984765418,False
0.5,1.5,8.0,64,1.2619078351564437,1,0.9788702984765418,False
0.5,1.5,8.0,128,1.2621263035097456,1,0.9788702984765418,False
0.5,1.5,8.0,256,1.2622358787309595,1,0.9788702984765418,False
0.5,1.5,12.0,1,1.2500000000000027,1,0.4688123479600348,False
0.5,1.5,12.0,2,1.250276190309493,1,0.4688123479600348,False
0.5,1.5,12.0,4,1.252633727799259,1,0.4688123479600348,False
0.5,1.5,12.0,8,1.2541778889032695,1,0.4688123479600348,False
0.5,1.5,12.0,16,1.2550250626997097,1,0.4688123479600348,False
0.5,1.5,12.0,32,1.2554657184596798,1,0.4688123479600348,False
0.5,1.5,12.0,64,1.255690117696519,1,0.4688123479600348,False
0.5,1.5,12.0,128,1.25580331165971,1,0.4688123479600348,False
0.5,1.5,12.0,256,1.2558601543495032,1,0.4688123479600348,False
0.5,2.0,1.0,1,1.2496681217093606,1,64.76929983238773,False
0.5,2.0,1.0,2,1.5031786527150373,1,64.76929983238773,False
0.5,2.0,1.0,4,1.7877661110097878,1,64.76929983238773,False
0.5,2.0,1.0,8,1.9385628155170453,1,64.76929983238773,False
0.5,2.0,1.0,16,2.00438452797305,1,64.76929983238773,False
0.5,2.0,1.0,32,2.034330498850336,1,64.76929983238773,False
0.5,2.0,1.0,64,2.048625299412288,1,64.76929983238773,False
0.5,2.0,1.0,128,2.0556136784131165,1,64.76929983238773,False
0.5,2.0,1.0,256,2.0590694143690644,1,64.76929983238773,False
0.5,2.0,2.0,1,1.2500000004002234,1,33.17486164658177,False
0.5,2.0,2.0,2,1.3918320112867413,1,33.17486164658177,False
0.5,2.0,2.0,4,1.5298732687561545,1,33.17486164658177,False
0.5,2.0,2.0,8,1.6006314696697204,1,33.17486164658177,False
0.5,2.0,2.0,16,1.6343301165803386,1,33.17486164658177,False
0.5,2.0,2.0,32,1.6506700670976548,1,33.17486164658177,False
0.5,2.0,2.0,64,1.6587111309938456,1,33.17486164658177,False
0.5,2.0,2.0,128,1.6626995565052056,1,33.17486164658177,False
0.5,2.0,2.0,256,1.6646857711152692,1,33.17486164658177,False
0.5,2.0,3.0,1,1.24999999996,1,21.143616123748576,False
0.5,2.0,3.0,2,1.3433052737532414,1,21.143616123748576,False
0.5,2.0,3.0,4,1.4281428026435303,1,21.143616123748576,False
0.5,2.0,3.0,8,1.4723704132638147,1,21.143616123748576,False
0.5,2.0,3.0,16,1.4941695485831537,1,21.143616123748576,False
0.5,2.0,3.0,32,1.5049440756835517,1,21.143616123748576,False
0.5,2.0,3.0,64,1.5102966101216533,1,21.143616123748576,False
0.5,2.0,3.0,128,1.512963863975786,1,21.143616123748576,False
0.5,2.0,3.0,256,1.5142952014983997,1,21.143616123748576,False
0.5,2.0,5.0,1,1.2500000000000036,1,11.606247457265773,False
0.5,2.0,5.0,2,1.3035236366225127,1,11.606247457265773,False
0.5,2.0,5.0,4,1.3479602497835417,1,11.606247457265773,False
0.5,2.0,5.0,8,1.3717252710959544,1,11.606247457265773,False
0.5,2.0,5.0,16,1.3837584161600984,1,11.606247457265773,False
0.5,2.0,5.0,32,1.3897929052741234,1,11.606247457265773,False
0.5,2.0,5.0,64,1.3928126321788417,1,11.606247457265773,False
0.5,2.0,5.0,128,1.3943228913728805,1,11.606247457265773,False
0.5,2.0,5.0,256,1.395078093215826,1,11.606247457265773,False
0.5,2.0,8.0,1,1.250000000000003,1,6.6322882267156436,False
0.5,2.0,8.0,2,1.282325700145442,1,6.6322882267156436,False
0.5,2.0,8.0,4,1.3065934522745917,1,6.6322882267156436,False
0.5,2.0,8.0,8,1.3197467612136098,1,6.6322882267156436,False
0.5,2.0,8.0,16,1.326495014225903,1,6.6322882267156436,False
0.5,2.0,8.0,32,1.3299039307958354,1,6.6322882267156436,False
0.5,2.0,8.0,64,1.3316161911600233,1,6.6322882267156436,False
0.5,2.0,8.0,128,1.3324741665806592,1,6.6322882267156436,False
0.5,2.0,8.0,256,1.332903602833949,1,6.6322882267156436,False
0.5,2.0,12.0,1,1.2500000000000027,1,4.1212139579223095,False
0.5,2.0,12.0,2,1.271183130457682,1,4.1212139579223095,False
0.5,2.0,12.0,4,1.2857102574702663,1,4.1212139579223095,False
0.5,2.0,12.0,8,1.2935872250621612,1,4.1212139579223095,False
0.5,2.0,12.0,16,1.2976462100544384,1,4.1212139579223095,False
0.5,2.0,12.0,32,1.2997023837427675,1,4.1212139579223095,False
0.5,2.0,12.0,64,1.3007367459411852,1,4.1212139579223095,False
0.5,2.0,12.0,128,1.3012554485686865,1,4.1212139579223095,False
0.5,2.0,12.0,256,1.3015151744740316,1,4.1212139579223095,False
0.5,2.5,1.0,1,1.2476327382395427,1,119.74906859300192,False
0.5,2.5,1.0,2,1.6217039805168816,1,119.74906859300192,False
0.5,2.5,1.0,4,2.1111037406811226,1,119.74906859300192,False
0.5,2.5,1.0,8,2.4425506996787183,1,119.74906859300192,False
0.5,2.5,1.0,16,2.606125463598431,1,119.74906859300192,False
0.5,2.5,1.0,32,2.6808920094776645,1,119.74906859300192,False
0.5,2.5,1.0,64,2.7161392987504644,1,119.74906859300192,False
0.5,2.5,1.0,128,2.7332390573684777,1,119.74906859300192,False
0.5,2.5,1.0,256,2.7416613217427606,1,119.74906859300192,False
0.5,2.5,2.0,1,1.2500003817656826,1,61.88757822090869,False
0.5,2.5,2.0,2,1.4884904979164488,1,61.88757822090869,False
0.5,2.5,2.0,4,1.742778063399098,1,61.88757822090869,False
0.5,2.5,2.0,8,1.8881798321059369,1,61.88757822090869,False
0.5,2.5,2.0,16,1.959378140713035,1,61.88757822090869,False
0.5,2.5,2.0,32,1.9939674150703932,1,61.88757822090869,False
0.5,2.5,2.0,64,2.0109724697483666,1,61.88757822090869,False
0.5,2.5,2.0,128,2.0194002918093665,1,61.88757822090869,False
0.5,2.5,2.0,256,2.0235953457925766,1,61.88757822090869,False
0.5,2.5,3.0,1,1.2500000003787117,1,39.787004955737835,False
0.5,2.5,3.0,2,1.4179087498426184,1,39.787004955737835,False
0.5,2.5,3.0,4,1.5763649404832156,1,39.787004955737835,False
0.5,2.5,3.0,8,1.6635434522929606,1,39.787004955737835,False
0.5,2.5,3.0,16,1.7070583587039287,1,39.787004955737835,False
0.5,2.5,3.0,32,1.7286169714071702,1,39.787004955737835,False
0.5,2.5,3.0,64,1.7393320078575323,1,39.787004955737835,False
0.5,2.5,3.0,128,1.7446720575718044,1,39.787004955737835,False
0.5,2.5,3.0,256,1.7473375624761127,1,39.787004955737835,False
0.5,2.5,5.0,1,1.2500000000000058,1,22.105632761886994,False
0.5,2.5,5.0,2,1.3520511838778406,1,22.105632761886994,False
0.5,2.5,5.0,4,1.43578062164665,1,22.105632761886994,False
0.5,2.5,5.0,8,1.4813233498581917,1,22.105632761886994,False
0.5,2.5,5.0,16,1.5044902612639843,1,22.105632761886994,False
0.5,2.5,5.0,32,1.516124474699078,1,22.105632761886994,False
0.5,2.5,5.0,64,1.5219493657140517,1,22.105632761886994,False
0.5,2.5,5.0,128,1.5248632060043983,1,22.105632761886994,False
0.5,2.5,5.0,256,1.5263204095235945,1,22.105632761886994,False
0.5,2.5,8.0,1,1.250000000000003,1,12.773943329892013,False
0.5,2.5,8.0,2,1.3133436464244552,1,12.773943329892013,False
0.5,2.5,8.0,4,1.3595203299868928,1,12.773943329892013,False
0.5,2.5,8.0,8,1.384586255266046,1,12.773943329892013,False
0.5,2.5,8.0,16,1.3974530558157987,1,12.773943329892013,False
0.5,2.5,8.0,32,1.4039537357602772,1,12.773943329892013,False
0.5,2.5,8.0,64,1.4072190963553814,1,12.773943329892013,False
0.5,2.5,8.0,128,1.4088553198223348,1,12.773943329892013,False
0.5,2.5,8.0,256,1.4096742916236538,1,12.773943329892013,False
0.5,2.5,12.0,1,1.2500000000000029,1,8.00765893654165,False
0.5,2.5,12.0,2,1.2919715528043296,1,8.00765893654165,False
0.5,2.5,12.0,4,1.3198875593204986,1,8.00765893654165,False
0.5,2.5,12.0,8,1.334957711141839,1,8.00765893654165,False
0.5,2.5,12.0,16,1.342711406667921,1,8.00765893654165,False
0.5,2.5,12.0,32,1.3466365662643414,1,8.00765893654165,False
0.5,2.5,12.0,64,1.3486104924680202,1,8.00765893654165,False
0.5,2.5,12.0,128,1.349600204339322,1,8.00765893654165,False
0.5,2.5,12.0,256,1.3500957367067739,1,8.00765893654165,False
